"ID","Pseudo ID","MAPS ID code","MAPS dictionary name","FCT code","FCT food item","Correct Match"
1,1,"2167.01","olive oil","9008","Olive oil",TRUE
2,2,"21431.01","orange, juice","5022","Orange, Juice",FALSE
3,3,"21431.01","orange, juice","5016","Lime, juice",FALSE
4,4,"2162.01","peanut oil","9009","Peanut oil",FALSE
5,5,"1318.01","pineapple, raw","5030","Pineapple, raw",TRUE
10,10,"24212.02.02","wine, red","12007","Wine, Red",TRUE
12,12,"1707.01","pigeon peas, dried, raw","3021","Pigeon peas, dry, raw",TRUE
17,17,"23140.03.01","breakfast cereal, flakes","1009","Breakfast cereal, flakes of corn",TRUE
18,18,"1553.01","crab, fresh, raw","4026","Okra, fresh, raw",FALSE
19,19,"1553.01","crab, fresh, raw","3012","Cowpeas, fresh, raw",FALSE
20,20,"1553.01","crab, fresh, raw","3003","Beans, cluster, fresh, raw",FALSE
21,21,"1553.01","crab, fresh, raw","13025","Parsley, fresh, raw",FALSE
22,22,"1553.01","crab, fresh, raw","3006","Bean, red, fresh, raw",FALSE
23,23,"2211.01","milk, cow, whole, raw","6022","Milk, cow, whole, fresh, raw",FALSE
24,24,"2211.01","milk, cow, whole, raw","6018","Milk, cow, powder, whole",FALSE
25,25,"2211.01","milk, cow, whole, raw","6019","Milk, cow, skimmed, raw",FALSE
26,26,"2211.01","milk, cow, whole, raw","6029","Milk, cow, whole, fresh, boiled",FALSE
27,27,"2211.01","milk, cow, whole, raw","6021","Milk, cow, whole, fermented (Lala - mursik)",FALSE
28,28,"141.01","soybeans, dried, raw","3022","Soybean, dry, raw",FALSE
29,29,"141.01","soybeans, dried, raw","8012","Sardine, flesh, raw",FALSE
30,30,"141.01","soybeans, dried, raw","3008","Bonavist, dry, raw",FALSE
31,31,"141.01","soybeans, dried, raw","3004","Beans, kidney, dry, raw",FALSE
32,32,"141.01","soybeans, dried, raw","3009","Bonavist, fresh, raw",FALSE
33,33,"1214.04","pumpkin leaves, raw","4028","Pumpkin, leaves, raw",FALSE
34,34,"1214.04","pumpkin leaves, raw","15034","Pumpkin Leaves",FALSE
35,35,"1214.04","pumpkin leaves, raw","13022","Mint Leaves, fresh, raw",FALSE
36,36,"1214.04","pumpkin leaves, raw","5011","Guava, pink-fleshed, raw",FALSE
38,38,"22230.01.01","yoghurt, cow milk, plain","6026","Yoghurt, cow milk, whole, plain",FALSE
39,39,"118.02","finger millet,  grain","15100","Finger Millet Ugali",FALSE
40,40,"118.02","finger millet,  grain","15119","Finger Millet and Sorghum Porridge",FALSE
41,41,"21114.01","rabbit meat, fresh, raw","7021","Rabbit meat, raw",FALSE
42,42,"21114.01","rabbit meat, fresh, raw","13022","Mint Leaves, fresh, raw",FALSE
43,43,"21114.01","rabbit meat, fresh, raw","14004","Termite, Fresh, Raw",FALSE
44,44,"21114.01","rabbit meat, fresh, raw","7053","Rabbit meat, stewed (without salt)",FALSE
45,45,"21114.01","rabbit meat, fresh, raw","3002","Beans, broad, fresh, raw",FALSE
46,46,"24212.02.01","wine, white","12008","Wine, White, Dry",FALSE
47,47,"24212.02.01","wine, white","12009","Wine, White, Sweet",FALSE
49,49,"24212.02.01","wine, white","1007","Bread, White",FALSE
50,50,"2166.01","coconut oil","13010","Coconut, Milk",FALSE
51,51,"21631.01.01","sunflower oil","9013","Sun flower oil",FALSE
52,52,"231.01","egg, chicken, raw","7012","Egg, chicken, yolk, raw   ",FALSE
53,53,"231.01","egg, chicken, raw","7011","Egg, chicken, whole, raw   ",FALSE
54,54,"231.01","egg, chicken, raw","7010","Egg, chicken, white (albumen), raw     ",FALSE
55,55,"231.01","egg, chicken, raw","2019","Yam, white, raw",FALSE
56,56,"231.01","egg, chicken, raw","7028","Egg, chicken, whole, poached (without salt)",FALSE
57,57,"1527.01","mackerel, fresh, raw","8007","Mackerel, raw",FALSE
58,58,"1527.01","mackerel, fresh, raw","14004","Termite, Fresh, Raw",FALSE
59,59,"1527.01","mackerel, fresh, raw","13025","Parsley, fresh, raw",FALSE
60,60,"1527.01","mackerel, fresh, raw","4026","Okra, fresh, raw",FALSE
61,61,"1527.01","mackerel, fresh, raw","5010","Grapes, green, raw",FALSE
62,62,"1324.01","tangerines, raw","5036","Tangerine, pulp, raw",FALSE
63,63,"1324.01","tangerines, raw","8007","Mackerel, raw",FALSE
64,64,"1324.01","tangerines, raw","14003","Termite, Dry, Raw",FALSE
65,65,"1324.01","tangerines, raw","7015","Goat liver, raw",FALSE
66,66,"1324.01","tangerines, raw","4035","Tomato, green, raw",FALSE
67,67,"1324.01","tangerines, raw","5020","Mango, unripe, raw",FALSE
68,68,"141.02","soybeans, flour, raw","3022","Soybean, dry, raw",FALSE
69,69,"141.02","soybeans, flour, raw","13025","Parsley, fresh, raw",FALSE
70,70,"141.02","soybeans, flour, raw","3009","Bonavist, fresh, raw",FALSE
71,71,"141.02","soybeans, flour, raw","3008","Bonavist, dry, raw",FALSE
72,72,"141.02","soybeans, flour, raw","12002","Coconut, fresh, water",FALSE
73,73,"2161.01","soybean oil","9012","Soya bean oil",FALSE
74,74,"2161.01","soybean oil","9009","Peanut oil",FALSE
75,75,"1510.02","potato, crisps","15110","Potato Chips",FALSE
76,76,"1510.02","potato, crisps","15127","Potato Curry",FALSE
77,77,"1330.01","grapes, raw","5010","Grapes, green, raw",FALSE
78,78,"1330.01","grapes, raw","5008","Date, raw",FALSE
79,79,"1330.01","grapes, raw","5033","Raspberry, raw",FALSE
80,80,"1330.01","grapes, raw","13025","Parsley, fresh, raw",FALSE
81,81,"1330.01","grapes, raw","1041","Teff, raw",FALSE
82,82,"1330.01","grapes, raw","8014","Tuna, raw",FALSE
83,83,"1270.02","mushroom, pleurotus, raw","4023","Mushroom, fresh, raw",FALSE
84,84,"1270.02","mushroom, pleurotus, raw","4024","Mushroom, dried, raw",FALSE
85,85,"1270.02","mushroom, pleurotus, raw","2017","Turnip, root, raw",FALSE
86,86,"1270.02","mushroom, pleurotus, raw","4077","Mushroom, fresh, boiled, drained (without salt)",FALSE
87,87,"1270.02","mushroom, pleurotus, raw","2002","Arrowroot, peeled, raw",FALSE
88,88,"1311.01","avocados, raw","5003","Avocado, ripe, raw",FALSE
89,89,"1501.05","tilapia, fresh, raw ","13006","Chilli, fresh, raw",FALSE
90,90,"1501.05","tilapia, fresh, raw ","4026","Okra, fresh, raw",FALSE
91,91,"1501.05","tilapia, fresh, raw ","8011","Prawns, flesh, raw",FALSE
92,92,"1501.05","tilapia, fresh, raw ","8012","Sardine, flesh, raw",FALSE
93,93,"1501.05","tilapia, fresh, raw ","3009","Bonavist, fresh, raw",FALSE
94,94,"1501.05","tilapia, fresh, raw ","13030","Tamarind, fruit, fresh, raw",FALSE
95,95,"1705.01","peas, dried, raw","3011","Cowpeas, dry, raw",FALSE
96,96,"1705.01","peas, dried, raw","3012","Cowpeas, fresh, raw",FALSE
97,97,"1705.01","peas, dried, raw","5019","Mango, ripe, raw",FALSE
98,98,"1705.01","peas, dried, raw","13009","Cloves, dry, raw",FALSE
99,99,"1705.01","peas, dried, raw","8012","Sardine, flesh, raw",FALSE
100,100,"1239.01.01","okra, raw","8013","Shark, raw",FALSE
101,101,"1239.01.01","okra, raw","4026","Okra, fresh, raw",FALSE
102,102,"1239.01.01","okra, raw","5008","Date, raw",FALSE
103,103,"1239.01.01","okra, raw","8014","Tuna, raw",FALSE
104,104,"1239.01.01","okra, raw","8007","Mackerel, raw",FALSE
105,105,"1323.01","oranges, raw","5023","Orange, pulp, raw",FALSE
106,106,"1323.01","oranges, raw","11001","Honey, Raw",FALSE
107,107,"1323.01","oranges, raw","5022","Orange, Juice",FALSE
108,108,"1323.01","oranges, raw","5019","Mango, ripe, raw",FALSE
109,109,"1323.01","oranges, raw","5010","Grapes, green, raw",FALSE
110,110,"1322.01","lemons, raw","5015","Lemon, pulp, raw",FALSE
111,111,"1322.01","lemons, raw","5014","Lemon peel, raw",FALSE
112,112,"1322.01","lemons, raw","8003","Eel, raw",FALSE
113,113,"1322.01","lemons, raw","11001","Honey, Raw",FALSE
114,114,"1322.01","lemons, raw","13009","Cloves, dry, raw",FALSE
115,115,"1701.01","beans, dried, raw","3004","Beans, kidney, dry, raw",FALSE
116,116,"1701.01","beans, dried, raw","3022","Soybean, dry, raw",FALSE
117,117,"1701.01","beans, dried, raw","5019","Mango, ripe, raw",FALSE
118,118,"1701.01","beans, dried, raw","3001","Beans, broad, dry, raw",FALSE
119,119,"1701.01","beans, dried, raw","3011","Cowpeas, dry, raw",FALSE
120,120,"21700.02.01","margarine","9004","Margarine,20% fat",FALSE
121,121,"21700.02.01","margarine","9005","Margarine,60% fat",FALSE
122,122,"21700.02.01","margarine","9006","Margarine,80% fat",FALSE
123,123,"F0022.03","biscuits, sweet, plain","1004","Biscuit, Sweet",FALSE
125,125,"21170.01.01","pigeon meat, fresh, raw","13022","Mint Leaves, fresh, raw",FALSE
126,126,"21170.01.01","pigeon meat, fresh, raw","3015","Garden peas, fresh, raw",FALSE
127,127,"21170.01.01","pigeon meat, fresh, raw","15092","Pigeon Peas Stew",FALSE
128,128,"21170.01.01","pigeon meat, fresh, raw","5019","Mango, ripe, raw",FALSE
129,129,"1699.05","baking powder","13002","Baking powder, dry powder",FALSE
130,130,"1215.01","spinach, raw","4030","Spinach, leaves, raw",FALSE
132,132,"1215.01","spinach, raw","8014","Tuna, raw",FALSE
133,133,"1215.01","spinach, raw","8013","Shark, raw",FALSE
134,134,"1215.01","spinach, raw","4031","Spinach, Swiss chard, leaves, raw",FALSE
135,135,"1562.01","oysters, fresh, raw","14004","Termite, Fresh, Raw",FALSE
136,136,"1562.01","oysters, fresh, raw","13025","Parsley, fresh, raw",FALSE
137,137,"1562.01","oysters, fresh, raw","4026","Okra, fresh, raw",FALSE
138,138,"1562.01","oysters, fresh, raw","4023","Mushroom, fresh, raw",FALSE
139,139,"1562.01","oysters, fresh, raw","5010","Grapes, green, raw",FALSE
140,140,"23110.02","wheat flour, refined","15136","Wheat Flour Porridge",FALSE
141,141,"2910.01","honey","11001","Honey, Raw",FALSE
142,142,"1322.02","limes, raw","5017","Lime, pulp, raw",FALSE
143,143,"1322.02","limes, raw","8003","Eel, raw",FALSE
144,144,"1322.02","limes, raw","13009","Cloves, dry, raw",FALSE
145,145,"1322.02","limes, raw","1041","Teff, raw",FALSE
146,146,"1322.02","limes, raw","5008","Date, raw",FALSE
147,147,"1214.01","lettuces, raw","8003","Eel, raw",FALSE
148,148,"1214.01","lettuces, raw","8014","Tuna, raw",FALSE
149,149,"1214.01","lettuces, raw","1041","Teff, raw",FALSE
150,150,"1214.01","lettuces, raw","5008","Date, raw",FALSE
151,151,"1214.01","lettuces, raw","14003","Termite, Dry, Raw",FALSE
152,152,"1215.02","amaranth leaves, raw","4001","Amaranth, leaves, picked, raw",FALSE
153,153,"1215.02","amaranth leaves, raw","4030","Spinach, leaves, raw",FALSE
154,154,"1215.02","amaranth leaves, raw","1001","Amaranth, whole grain, dry, raw",FALSE
155,155,"1215.02","amaranth leaves, raw","4028","Pumpkin, leaves, raw",FALSE
156,156,"1215.02","amaranth leaves, raw","5004","Banana, cavendish, raw",FALSE
157,157,"1701.03","kidney beans, dried, raw","13013","Cumin seeds, dried, raw",FALSE
158,158,"1701.03","kidney beans, dried, raw","3004","Beans, kidney, dry, raw",FALSE
159,159,"1701.03","kidney beans, dried, raw","3016","Garden peas, dry, raw",FALSE
160,160,"1701.03","kidney beans, dried, raw","13022","Mint Leaves, fresh, raw",FALSE
162,162,"22251.01.01","cheese, cow milk, cottage","6006","Cheese, cottage, Milk, Cow, Sour",FALSE
163,163,"22251.01.01","cheese, cow milk, cottage","6005","Cheese, cottage (cow milk), plain, whole",FALSE
164,164,"112.02","maize, grain, yellow, dried, raw","1019","Maize, grain, yellow variety, whole, dry, raw",FALSE
165,165,"112.02","maize, grain, yellow, dried, raw","1018","Maize, grain, white variety, whole, dry, raw",FALSE
166,166,"112.02","maize, grain, yellow, dried, raw","5012","Jackfruit, fruit, yellow-fleshed, peeled, raw",FALSE
167,167,"112.02","maize, grain, yellow, dried, raw","1027","Millet, Finger, grain, dried, raw",FALSE
168,168,"112.02","maize, grain, yellow, dried, raw","1049","Maize, grain, yellow variety, whole, dry, boiled, drained (without salt)",FALSE
169,169,"112.02","maize, grain, yellow, dried, raw","1050","Maize, grain, yellow variety, whole, dry, stewed, drained (without salt)",FALSE
170,170,"21119.01.01","rat meat, fresh, raw","14004","Termite, Fresh, Raw",FALSE
171,171,"21119.01.01","rat meat, fresh, raw","7021","Rabbit meat, raw",FALSE
172,172,"21119.01.01","rat meat, fresh, raw","13022","Mint Leaves, fresh, raw",FALSE
173,173,"21119.01.01","rat meat, fresh, raw","3015","Garden peas, fresh, raw",FALSE
174,174,"21119.01.01","rat meat, fresh, raw","13030","Tamarind, fruit, fresh, raw",FALSE
175,175,"231.02","egg, chicken, boiled","7011","Egg, chicken, whole, raw   ",FALSE
176,176,"231.02","egg, chicken, boiled","7012","Egg, chicken, yolk, raw   ",FALSE
177,177,"231.02","egg, chicken, boiled","7029","Egg, chicken, yolk, boiled (without salt)",FALSE
178,178,"231.02","egg, chicken, boiled","7027","Egg, chicken, whole, boiled (without salt)",FALSE
180,180,"1253.02.01","onions, raw","13024","Onion, spring, raw",FALSE
181,181,"1253.02.01","onions, raw","11001","Honey, Raw",FALSE
182,182,"1253.02.01","onions, raw","8014","Tuna, raw",FALSE
183,183,"34550.01","vegetable, oil","15026","Vegetable Samosa",FALSE
184,184,"112.01","maize, grain, white, dried, raw","1018","Maize, grain, white variety, whole, dry, raw",FALSE
185,185,"112.01","maize, grain, white, dried, raw","1019","Maize, grain, yellow variety, whole, dry, raw",FALSE
186,186,"112.01","maize, grain, white, dried, raw","1048","Maize, grain, white variety, whole, dry, stewed (without salt)",FALSE
187,187,"112.01","maize, grain, white, dried, raw","1045","Wheat, whole, grain, dry, raw",FALSE
188,188,"112.01","maize, grain, white, dried, raw","1027","Millet, Finger, grain, dried, raw",FALSE
189,189,"21170.92.01","deer meat, fresh, raw","3006","Bean, red, fresh, raw",FALSE
190,190,"21170.92.01","deer meat, fresh, raw","13022","Mint Leaves, fresh, raw",FALSE
191,191,"21170.92.01","deer meat, fresh, raw","14004","Termite, Fresh, Raw",FALSE
192,192,"21170.92.01","deer meat, fresh, raw","3015","Garden peas, fresh, raw",FALSE
193,193,"21170.92.01","deer meat, fresh, raw","13016","Fenugreek leaves, fresh, raw",FALSE
194,194,"21691.02.01","maize oil","15001","Maize Porridge",FALSE
196,196,"1321.01","pomelos, raw","8003","Eel, raw",FALSE
197,197,"1321.01","pomelos, raw","11001","Honey, Raw",FALSE
198,198,"1321.01","pomelos, raw","5014","Lemon peel, raw",FALSE
199,199,"1321.01","pomelos, raw","1041","Teff, raw",FALSE
200,200,"1321.01","pomelos, raw","5008","Date, raw",FALSE
201,201,"1235.01","pumpkins, raw","4028","Pumpkin, leaves, raw",FALSE
202,202,"1235.01","pumpkins, raw","15034","Pumpkin Leaves",FALSE
203,203,"1235.01","pumpkins, raw","5031","Plum, purple skin, raw",FALSE
204,204,"1235.01","pumpkins, raw","8014","Tuna, raw",FALSE
206,206,"1501.06","barb, silver, fresh, raw","13014","Curry leaves, fresh, raw",FALSE
207,207,"1501.06","barb, silver, fresh, raw","3002","Beans, broad, fresh, raw",FALSE
208,208,"1501.06","barb, silver, fresh, raw","3006","Bean, red, fresh, raw",FALSE
209,209,"1501.06","barb, silver, fresh, raw","13030","Tamarind, fruit, fresh, raw",FALSE
210,210,"1501.06","barb, silver, fresh, raw","13025","Parsley, fresh, raw",FALSE
211,211,"23110.01","wheat flour, unrefined","15136","Wheat Flour Porridge",FALSE
212,212,"1550.01","taros, raw","2016","Taro, peeled, raw",FALSE
213,213,"1550.01","taros, raw","8013","Shark, raw",FALSE
214,214,"1550.01","taros, raw","8014","Tuna, raw",FALSE
215,215,"1550.01","taros, raw","8007","Mackerel, raw",FALSE
216,216,"1550.01","taros, raw","3008","Bonavist, dry, raw",FALSE
217,217,"1706.01","cow peas, dried, raw","3011","Cowpeas, dry, raw",FALSE
218,218,"1706.01","cow peas, dried, raw","3010","Chick peas, whole, dry, raw",FALSE
219,219,"1706.01","cow peas, dried, raw","3012","Cowpeas, fresh, raw",FALSE
220,220,"1706.01","cow peas, dried, raw","1033","Rice, parboiled, raw",FALSE
221,221,"1706.01","cow peas, dried, raw","13013","Cumin seeds, dried, raw",FALSE
222,222,"21121.01","chicken meat, fresh, raw","13022","Mint Leaves, fresh, raw",FALSE
223,223,"21121.01","chicken meat, fresh, raw","3010","Chick peas, whole, dry, raw",FALSE
224,224,"21121.01","chicken meat, fresh, raw","13013","Cumin seeds, dried, raw",FALSE
226,226,"21121.01","chicken meat, fresh, raw","14004","Termite, Fresh, Raw",FALSE
227,227,"23912.02.01","coffee, instant powder","12003","Coffee, instant, dry powder or granules",FALSE
229,229,"1652.01","pepper, raw","8003","Eel, raw",FALSE
230,230,"1652.01","pepper, raw","13026","Pepper, ground, black, dry, raw",FALSE
231,231,"1652.01","pepper, raw","8007","Mackerel, raw",FALSE
232,232,"1652.01","pepper, raw","8013","Shark, raw",FALSE
233,233,"1234.01","tomatoes, raw","4035","Tomato, green, raw",FALSE
234,234,"1234.01","tomatoes, raw","5008","Date, raw",FALSE
235,235,"1234.01","tomatoes, raw","8014","Tuna, raw",FALSE
236,236,"1234.01","tomatoes, raw","4036","Tomato, red, ripe, raw",FALSE
237,237,"1234.01","tomatoes, raw","15101","Omena Stew",FALSE
238,238,"1290.01.01","maize, green, raw","4035","Tomato, green, raw",FALSE
239,239,"1290.01.01","maize, green, raw","5020","Mango, unripe, raw",FALSE
240,240,"1290.01.01","maize, green, raw","5019","Mango, ripe, raw",FALSE
241,241,"1290.01.01","maize, green, raw","7003","Beef, liver, raw",FALSE
242,242,"1290.01.01","maize, green, raw","2016","Taro, peeled, raw",FALSE
243,243,"1316.01","mangoes, raw","5019","Mango, ripe, raw",FALSE
244,244,"1316.01","mangoes, raw","5008","Date, raw",FALSE
245,245,"1316.01","mangoes, raw","5020","Mango, unripe, raw",FALSE
246,246,"1316.01","mangoes, raw","11001","Honey, Raw",FALSE
247,247,"1316.01","mangoes, raw","5023","Orange, pulp, raw",FALSE
248,248,"1651.01","pepper, black","13026","Pepper, ground, black, dry, raw",FALSE
249,249,"1232.02","gherkins, raw","8013","Shark, raw",FALSE
250,250,"1232.02","gherkins, raw","8004","Herring stock, raw",FALSE
251,251,"1232.02","gherkins, raw","8012","Sardine, flesh, raw",FALSE
252,252,"1232.02","gherkins, raw","11001","Honey, Raw",FALSE
253,253,"1253.02.02","shallots, raw","8013","Shark, raw",FALSE
254,254,"1253.02.02","shallots, raw","5008","Date, raw",FALSE
255,255,"1253.02.02","shallots, raw","11001","Honey, Raw",FALSE
256,256,"1253.02.02","shallots, raw","8014","Tuna, raw",FALSE
257,257,"21151.02","beef liver, fresh, raw","7003","Beef, liver, raw",FALSE
258,258,"21151.02","beef liver, fresh, raw","3006","Bean, red, fresh, raw",FALSE
259,259,"21151.02","beef liver, fresh, raw","7002","Beef, lean, raw",FALSE
260,260,"21151.02","beef liver, fresh, raw","13014","Curry leaves, fresh, raw",FALSE
261,261,"21151.02","beef liver, fresh, raw","14004","Termite, Fresh, Raw",FALSE
262,262,"1341.01","apples, raw","5008","Date, raw",FALSE
264,264,"1341.01","apples, raw","8003","Eel, raw",FALSE
265,265,"1341.01","apples, raw","13009","Cloves, dry, raw",FALSE
266,266,"1341.01","apples, raw","1041","Teff, raw",FALSE
267,267,"1341.01","apples, raw","8014","Tuna, raw",FALSE
268,268,"21421.02","peanuts, fresh, shelled, raw","3012","Cowpeas, fresh, raw",FALSE
269,269,"21421.02","peanuts, fresh, shelled, raw","3003","Beans, cluster, fresh, raw",FALSE
270,270,"21421.02","peanuts, fresh, shelled, raw","8011","Prawns, flesh, raw",FALSE
271,271,"21421.02","peanuts, fresh, shelled, raw","5028","Pear, unpeeled, raw",FALSE
272,272,"21421.02","peanuts, fresh, shelled, raw","8034","Sardine, fresh, steamed (without salt)",FALSE
273,273,"1460.01","coconuts","13010","Coconut, Milk",FALSE
274,274,"1460.01","coconuts","12002","Coconut, fresh, water",FALSE
275,275,"21115.01","sheep meat, fresh, raw","13022","Mint Leaves, fresh, raw",FALSE
276,276,"21115.01","sheep meat, fresh, raw","3015","Garden peas, fresh, raw",FALSE
277,277,"21115.01","sheep meat, fresh, raw","13014","Curry leaves, fresh, raw",FALSE
278,278,"21115.01","sheep meat, fresh, raw","4032","Squash, butternut, peeled, flesh, raw",FALSE
279,279,"21115.01","sheep meat, fresh, raw","14002","Grasshopper, Green, Fresh, Raw",FALSE
280,280,"1704.01","lentils, dried, raw","3020","Lentils, whole, dry, raw",FALSE
281,281,"1704.01","lentils, dried, raw","13009","Cloves, dry, raw",FALSE
282,282,"1704.01","lentils, dried, raw","13006","Chilli, fresh, raw",FALSE
283,283,"1704.01","lentils, dried, raw","15046","Lentil Stew",FALSE
284,284,"1704.01","lentils, dried, raw","3008","Bonavist, dry, raw",FALSE
285,285,"1214.03","rape leaves, raw","4030","Spinach, leaves, raw",FALSE
286,286,"1214.03","rape leaves, raw","4028","Pumpkin, leaves, raw",FALSE
287,287,"1214.03","rape leaves, raw","4029","Spider plant, leaves, raw",FALSE
288,288,"1214.03","rape leaves, raw","2016","Taro, peeled, raw",FALSE
289,289,"1214.03","rape leaves, raw","5010","Grapes, green, raw",FALSE
290,290,"F0022.06","cake, banana","15104","Mashed Bananas",FALSE
291,291,"1212.03","cabbages, head, raw","4006","Cabbage, leaf head, red raw",FALSE
292,292,"1212.03","cabbages, head, raw","5039","Zambarau, peeled, raw",FALSE
293,293,"1212.03","cabbages, head, raw","4007","Cabbage, leaf head, white, raw",FALSE
294,294,"1212.03","cabbages, head, raw","4005","Cabbage, leaf head, Chinese, raw",FALSE
295,295,"1212.03","cabbages, head, raw","7022","Sausage, beef, raw",FALSE
296,296,"1316.03","mangosteens, raw","5008","Date, raw",FALSE
297,297,"1316.03","mangosteens, raw","8014","Tuna, raw",FALSE
298,298,"1316.03","mangosteens, raw","8007","Mackerel, raw",FALSE
299,299,"1316.03","mangosteens, raw","5020","Mango, unripe, raw",FALSE
300,300,"1316.03","mangosteens, raw","5032","Pomegranate, raw",FALSE
301,301,"23520.01","sugar, white","1007","Bread, White",FALSE
302,302,"23520.01","sugar, white","11003","Sugar, white, granulated or lump",FALSE
303,303,"1501.01","trout, rainbow, fresh, raw","13030","Tamarind, fruit, fresh, raw",FALSE
304,304,"1501.01","trout, rainbow, fresh, raw","2010","Radish, round, red skin, raw",FALSE
305,305,"1501.01","trout, rainbow, fresh, raw","1037","Sorghum, Grain, Red, Dried, Raw",FALSE
306,306,"1501.01","trout, rainbow, fresh, raw","14001","Grasshopper, Brown, Fresh, Raw",FALSE
307,307,"1501.01","trout, rainbow, fresh, raw","1039","Sorghum, grain, white, dry, raw",FALSE
308,308,"114.01","sorghum grain, raw","1037","Sorghum, Grain, Red, Dried, Raw",FALSE
309,309,"114.01","sorghum grain, raw","1039","Sorghum, grain, white, dry, raw",FALSE
310,310,"114.01","sorghum grain, raw","1040","Sorghum, grain, white, flour",FALSE
311,311,"114.01","sorghum grain, raw","1038","Sorghum, Grain, Red, Flour",FALSE
312,312,"114.01","sorghum grain, raw","4026","Okra, fresh, raw",FALSE
313,313,"21116.01","goat meat, fresh, raw","14004","Termite, Fresh, Raw",FALSE
314,314,"21116.01","goat meat, fresh, raw","7021","Rabbit meat, raw",FALSE
315,315,"21116.01","goat meat, fresh, raw","3012","Cowpeas, fresh, raw",FALSE
316,316,"21116.01","goat meat, fresh, raw","7016","Goat, medium fat, raw",FALSE
317,317,"21116.01","goat meat, fresh, raw","7015","Goat liver, raw",FALSE
318,318,"1510.01","potatoes, raw","5008","Date, raw",FALSE
319,319,"1510.01","potatoes, raw","8014","Tuna, raw",FALSE
320,320,"1510.01","potatoes, raw","15127","Potato Curry",FALSE
321,321,"1510.01","potatoes, raw","15131","Potato Bhajia",FALSE
322,322,"1510.01","potatoes, raw","4035","Tomato, green, raw",FALSE
323,323,"21170.92.03","edible insect larvae, fresh, raw","13011","Coriander Leaves, fresh, raw",FALSE
324,324,"21170.92.03","edible insect larvae, fresh, raw","4029","Spider plant, leaves, raw",FALSE
325,325,"21170.92.03","edible insect larvae, fresh, raw","3015","Garden peas, fresh, raw",FALSE
326,326,"21170.92.03","edible insect larvae, fresh, raw","3002","Beans, broad, fresh, raw",FALSE
327,327,"21170.92.03","edible insect larvae, fresh, raw","13022","Mint Leaves, fresh, raw",FALSE
328,328,"142.03","peanuts, fresh, unshelled, raw","3012","Cowpeas, fresh, raw",FALSE
329,329,"142.03","peanuts, fresh, unshelled, raw","8011","Prawns, flesh, raw",FALSE
330,330,"142.03","peanuts, fresh, unshelled, raw","3003","Beans, cluster, fresh, raw",FALSE
331,331,"142.03","peanuts, fresh, unshelled, raw","5028","Pear, unpeeled, raw",FALSE
332,332,"142.03","peanuts, fresh, unshelled, raw","4032","Squash, butternut, peeled, flesh, raw",FALSE
333,333,"1656.01","cloves","13009","Cloves, dry, raw",FALSE
334,334,"1212.02","cabbages, chinese, raw","4005","Cabbage, leaf head, Chinese, raw",FALSE
335,335,"1212.02","cabbages, chinese, raw","7022","Sausage, beef, raw",FALSE
336,336,"1212.02","cabbages, chinese, raw","4030","Spinach, leaves, raw",FALSE
337,337,"1212.02","cabbages, chinese, raw","11002","Sugarcane, Juice, Raw",FALSE
338,338,"1212.02","cabbages, chinese, raw","5010","Grapes, green, raw",FALSE
339,339,"23710.01","pasta, dried, raw","5003","Avocado, ripe, raw",FALSE
340,340,"23710.01","pasta, dried, raw","2016","Taro, peeled, raw",FALSE
341,341,"23710.01","pasta, dried, raw","5019","Mango, ripe, raw",FALSE
342,342,"23710.01","pasta, dried, raw","3011","Cowpeas, dry, raw",FALSE
343,343,"23710.01","pasta, dried, raw","5020","Mango, unripe, raw",FALSE
345,345,"1505.06","barb, silver, smoked, raw","3002","Beans, broad, fresh, raw",FALSE
346,346,"1505.06","barb, silver, smoked, raw","3005","Beans, lima, dry, raw",FALSE
347,347,"1505.06","barb, silver, smoked, raw","3006","Bean, red, fresh, raw",FALSE
348,348,"1505.06","barb, silver, smoked, raw","7003","Beef, liver, raw",FALSE
349,349,"1505.06","barb, silver, smoked, raw","4036","Tomato, red, ripe, raw",FALSE
351,351,"2165.01","palm oil","9010","Red palm oil",FALSE
352,352,"2165.01","palm oil","9009","Peanut oil",FALSE
353,353,"22211.01","milk, cow, full-fat, powder","6018","Milk, cow, powder, whole",FALSE
354,354,"22211.01","milk, cow, full-fat, powder","6023","Milk, goat, fluid, whole, raw",FALSE
355,355,"1212.01","cabbages, white, raw","4007","Cabbage, leaf head, white, raw",FALSE
356,356,"1212.01","cabbages, white, raw","11002","Sugarcane, Juice, Raw",FALSE
357,357,"1212.01","cabbages, white, raw","12008","Wine, White, Dry",FALSE
358,358,"1212.01","cabbages, white, raw","4006","Cabbage, leaf head, red raw",FALSE
359,359,"1212.01","cabbages, white, raw","1007","Bread, White",FALSE
360,360,"F0623.02","jelly, fruits","1013","Cake, Fruit",FALSE
361,361,"21691.07.01","sesame seed oil","9007","Mustard seed oil",FALSE
362,362,"1708.01","bambara bean, dried, raw","10001","Bambara groundnuts, dried, raw",FALSE
363,363,"1708.01","bambara bean, dried, raw","3005","Beans, lima, dry, raw",FALSE
364,364,"1708.01","bambara bean, dried, raw","3002","Beans, broad, fresh, raw",FALSE
365,365,"1708.01","bambara bean, dried, raw","4001","Amaranth, leaves, picked, raw",FALSE
366,366,"1708.01","bambara bean, dried, raw","4006","Cabbage, leaf head, red raw",FALSE
367,367,"21421.01","peanut, shelled","9009","Peanut oil",FALSE
368,368,"1540.01","yams, raw","5008","Date, raw",FALSE
369,369,"1540.01","yams, raw","8014","Tuna, raw",FALSE
370,370,"1540.01","yams, raw","2018","Yam, flour",FALSE
371,371,"1540.01","yams, raw","11001","Honey, Raw",FALSE
372,372,"1540.01","yams, raw","15052","Yam Stew",FALSE
373,373,"23170.01","cassava, flour, raw","7025","Sausage, pork, raw",FALSE
374,374,"23170.01","cassava, flour, raw","15011","Cassava Ugali",FALSE
375,375,"23170.01","cassava, flour, raw","3012","Cowpeas, fresh, raw",FALSE
376,376,"23170.01","cassava, flour, raw","7024","Sausage, liver, raw",FALSE
377,377,"23170.01","cassava, flour, raw","3011","Cowpeas, dry, raw",FALSE
378,378,"118.01","millet, grain","1025","Millet, bulrush, grain, dry, raw",FALSE
379,379,"118.01","millet, grain","1026","Millet, finger, flour",FALSE
380,380,"1530.01","sweet potato, white-flesh, raw","2013","Sweet potato, brown skin, peeled, raw",FALSE
381,381,"1530.01","sweet potato, white-flesh, raw","4034","Sweet Potato (Leaves)",FALSE
382,382,"1530.01","sweet potato, white-flesh, raw","2015","Sweet potato, pink skin",FALSE
383,383,"1530.01","sweet potato, white-flesh, raw","15113","Sweet Potatoes with Peanut Butter",FALSE
384,384,"1530.01","sweet potato, white-flesh, raw","15058","Stewed Potatoes & Arrowroots",FALSE
385,385,"23120.01.01","rice flour, white","1032","Rice, Flour",FALSE
386,386,"21111.02.01","beef, without bones, fresh, raw","7004","Beef, medium fat, w/o bones, raw",FALSE
387,387,"21111.02.01","beef, without bones, fresh, raw","7001","Beef, high fat, w/o bones, raw     ",FALSE
388,388,"21111.02.01","beef, without bones, fresh, raw","15087","Beef Stew",FALSE
389,389,"21111.02.01","beef, without bones, fresh, raw","7033","Beef, high fat, w/o bones, stewed (without salt)",FALSE
390,390,"21111.02.01","beef, without bones, fresh, raw","3002","Beans, broad, fresh, raw",FALSE
391,391,"21151.01","beef offal, fresh, raw","7002","Beef, lean, raw",FALSE
392,392,"21151.01","beef offal, fresh, raw","13022","Mint Leaves, fresh, raw",FALSE
393,393,"21151.01","beef offal, fresh, raw","2005","Beet root, peeled, raw",FALSE
394,394,"21151.01","beef offal, fresh, raw","3006","Bean, red, fresh, raw",FALSE
395,395,"21151.01","beef offal, fresh, raw","7003","Beef, liver, raw",FALSE
396,396,"1505.03","barb, silver, dried, raw","3001","Beans, broad, dry, raw",FALSE
397,397,"1505.03","barb, silver, dried, raw","7003","Beef, liver, raw",FALSE
398,398,"1505.03","barb, silver, dried, raw","3006","Bean, red, fresh, raw",FALSE
399,399,"1505.03","barb, silver, dried, raw","13014","Curry leaves, fresh, raw",FALSE
400,400,"1505.03","barb, silver, dried, raw","3016","Garden peas, dry, raw",FALSE
401,401,"21111.01.01","beef, with bones, fresh, raw","7004","Beef, medium fat, w/o bones, raw",FALSE
402,402,"21111.01.01","beef, with bones, fresh, raw","7001","Beef, high fat, w/o bones, raw     ",FALSE
403,403,"21111.01.01","beef, with bones, fresh, raw","6014","Milk, camel, whole, fresh, raw",FALSE
404,404,"21111.01.01","beef, with bones, fresh, raw","15087","Beef Stew",FALSE
405,405,"21111.01.01","beef, with bones, fresh, raw","3002","Beans, broad, fresh, raw",FALSE
406,406,"1530.02","sweet potatoes, orange-flesh, raw","2013","Sweet potato, brown skin, peeled, raw",FALSE
407,407,"1530.02","sweet potatoes, orange-flesh, raw","4034","Sweet Potato (Leaves)",FALSE
408,408,"1530.02","sweet potatoes, orange-flesh, raw","15058","Stewed Potatoes & Arrowroots",FALSE
409,409,"1530.02","sweet potatoes, orange-flesh, raw","2014","Sweetpotato, orange, biofortified, raw",FALSE
410,410,"1530.02","sweet potatoes, orange-flesh, raw","3015","Garden peas, fresh, raw",FALSE
411,411,"1706.02","black eye peas, dried, raw","3005","Beans, lima, dry, raw",FALSE
412,412,"1706.02","black eye peas, dried, raw","5006","Custard apple, peeled, raw",FALSE
413,413,"1706.02","black eye peas, dried, raw","4006","Cabbage, leaf head, red raw",FALSE
414,414,"1706.02","black eye peas, dried, raw","13019","Garlic, peeled or unpeeled, fresh, raw",FALSE
415,415,"1706.02","black eye peas, dried, raw","5039","Zambarau, peeled, raw",FALSE
416,416,"142.02","peanut, flour, raw","5036","Tangerine, pulp, raw",FALSE
417,417,"142.02","peanut, flour, raw","3012","Cowpeas, fresh, raw",FALSE
418,418,"142.02","peanut, flour, raw","9009","Peanut oil",FALSE
419,419,"142.02","peanut, flour, raw","3011","Cowpeas, dry, raw",FALSE
420,420,"142.02","peanut, flour, raw","3022","Soybean, dry, raw",FALSE
421,421,"1505.02","tilapia, dried, raw","13006","Chilli, fresh, raw",FALSE
422,422,"1505.02","tilapia, dried, raw","13007","Chilli, dried",FALSE
423,423,"1505.02","tilapia, dried, raw","2016","Taro, peeled, raw",FALSE
424,424,"1505.02","tilapia, dried, raw","5003","Avocado, ripe, raw",FALSE
425,425,"1505.02","tilapia, dried, raw","3008","Bonavist, dry, raw",FALSE
426,426,"21170.92.02","edible insect adults, fresh, raw","3003","Beans, cluster, fresh, raw",FALSE
427,427,"21170.92.02","edible insect adults, fresh, raw","4032","Squash, butternut, peeled, flesh, raw",FALSE
428,428,"21170.92.02","edible insect adults, fresh, raw","13013","Cumin seeds, dried, raw",FALSE
429,429,"21170.92.02","edible insect adults, fresh, raw","13022","Mint Leaves, fresh, raw",FALSE
430,430,"21170.92.02","edible insect adults, fresh, raw","4021","Leeks, bulb and stem, raw",FALSE
431,431,"1235.02","squashes, butternut, raw","4032","Squash, butternut, peeled, flesh, raw",FALSE
432,432,"1235.02","squashes, butternut, raw","7024","Sausage, liver, raw",FALSE
433,433,"1235.02","squashes, butternut, raw","7025","Sausage, pork, raw",FALSE
434,434,"1235.02","squashes, butternut, raw","7022","Sausage, beef, raw",FALSE
435,435,"1235.02","squashes, butternut, raw","4035","Tomato, green, raw",FALSE
436,436,"23161.01.01","rice grain, white, raw","2012","Radish, white skin, raw",FALSE
437,437,"23161.02.01","rice grain, white, raw","2012","Radish, white skin, raw",FALSE
438,438,"23161.01.01","rice grain, white, raw","1039","Sorghum, grain, white, dry, raw",FALSE
439,439,"23161.02.01","rice grain, white, raw","1039","Sorghum, grain, white, dry, raw",FALSE
440,440,"1652.02","peppers, dried, raw","14004","Termite, Fresh, Raw",FALSE
441,441,"1652.02","peppers, dried, raw","5010","Grapes, green, raw",FALSE
442,442,"1652.02","peppers, dried, raw","4024","Mushroom, dried, raw",FALSE
443,443,"1652.02","peppers, dried, raw","14003","Termite, Dry, Raw",FALSE
444,444,"1652.02","peppers, dried, raw","5031","Plum, purple skin, raw",FALSE
445,445,"1514.01","groupers, white, fresh, raw","14001","Grasshopper, Brown, Fresh, Raw",FALSE
446,446,"1514.01","groupers, white, fresh, raw","14002","Grasshopper, Green, Fresh, Raw",FALSE
447,447,"1514.01","groupers, white, fresh, raw","1039","Sorghum, grain, white, dry, raw",FALSE
448,448,"1514.01","groupers, white, fresh, raw","5010","Grapes, green, raw",FALSE
449,449,"1514.01","groupers, white, fresh, raw","3012","Cowpeas, fresh, raw",FALSE
450,450,"1587.01","frog meat, fresh, raw","14004","Termite, Fresh, Raw",FALSE
451,451,"1587.01","frog meat, fresh, raw","4026","Okra, fresh, raw",FALSE
452,452,"1587.01","frog meat, fresh, raw","13016","Fenugreek leaves, fresh, raw",FALSE
453,453,"1587.01","frog meat, fresh, raw","5010","Grapes, green, raw",FALSE
454,454,"1587.01","frog meat, fresh, raw","13022","Mint Leaves, fresh, raw",FALSE
455,455,"1594.01","red algae, raw","5032","Pomegranate, raw",FALSE
456,456,"1594.01","red algae, raw","3016","Garden peas, dry, raw",FALSE
457,457,"1594.01","red algae, raw","7021","Rabbit meat, raw",FALSE
458,458,"1594.01","red algae, raw","7014","Goat, lean, raw",FALSE
459,459,"1594.01","red algae, raw","5006","Custard apple, peeled, raw",FALSE
461,461,"1313.01","plantain, raw","8014","Tuna, raw",FALSE
462,462,"1214.02","chicory, raw","8013","Shark, raw",FALSE
463,463,"1214.02","chicory, raw","11001","Honey, Raw",FALSE
464,464,"1214.02","chicory, raw","8007","Mackerel, raw",FALSE
465,465,"1701.02","common beans, dried, raw","13013","Cumin seeds, dried, raw",FALSE
466,466,"1701.02","common beans, dried, raw","3004","Beans, kidney, dry, raw",FALSE
467,467,"1701.02","common beans, dried, raw","3008","Bonavist, dry, raw",FALSE
468,468,"1701.02","common beans, dried, raw","7005","Camel blood, raw",FALSE
469,469,"1701.02","common beans, dried, raw","4025","Mushroom, raw, canned in brine (drained)",FALSE
470,470,"39120.04.01","maize bran, flour, raw ","1022","Maize, whole, flour, raw",FALSE
471,471,"39120.04.01","maize bran, flour, raw ","7021","Rabbit meat, raw",FALSE
472,472,"39120.04.01","maize bran, flour, raw ","3018","Gram, Flour",FALSE
473,473,"39120.04.01","maize bran, flour, raw ","3015","Garden peas, fresh, raw",FALSE
474,474,"39120.04.01","maize bran, flour, raw ","3005","Beans, lima, dry, raw",FALSE
475,475,"1235.03","gourd, winter, raw","2017","Turnip, root, raw",FALSE
476,476,"1235.03","gourd, winter, raw","14003","Termite, Dry, Raw",FALSE
477,477,"1235.03","gourd, winter, raw","2019","Yam, white, raw",FALSE
478,478,"1235.03","gourd, winter, raw","5020","Mango, unripe, raw",FALSE
479,479,"1235.03","gourd, winter, raw","4024","Mushroom, dried, raw",FALSE
480,480,"1359.9.02","baobab fruits,raw","5005","Baobab fruit, powderly part, dry, raw",FALSE
481,481,"21121.02","chicken meat, minced, fresh, raw","6014","Milk, camel, whole, fresh, raw",FALSE
482,482,"21121.02","chicken meat, minced, fresh, raw","3010","Chick peas, whole, dry, raw",FALSE
483,483,"21121.02","chicken meat, minced, fresh, raw","13011","Coriander Leaves, fresh, raw",FALSE
484,484,"21121.02","chicken meat, minced, fresh, raw","7008","Duck, meat and skin, fresh, raw",FALSE
485,485,"21121.02","chicken meat, minced, fresh, raw","7009","Chicken, unespecified part, w/o bone, meat&skin, raw",FALSE
486,486,"1570.03","octopuses, raw","1041","Teff, raw",FALSE
487,487,"1570.03","octopuses, raw","5008","Date, raw",FALSE
488,488,"1570.03","octopuses, raw","8014","Tuna, raw",FALSE
489,489,"1570.03","octopuses, raw","11001","Honey, Raw",FALSE
490,490,"1570.03","octopuses, raw","8003","Eel, raw",FALSE
491,491,"1215.03","roselle leaves, raw","13011","Coriander Leaves, fresh, raw",FALSE
492,492,"1215.03","roselle leaves, raw","7002","Beef, lean, raw",FALSE
493,493,"1215.03","roselle leaves, raw","5028","Pear, unpeeled, raw",FALSE
494,494,"1215.03","roselle leaves, raw","4013","Celery, stalk, raw",FALSE
495,495,"1215.03","roselle leaves, raw","4095","Stinging nettle, leaves, boiled, drained (without salt)",FALSE
496,496,"1316.02","guavas, raw","7022","Sausage, beef, raw",FALSE
497,497,"1316.02","guavas, raw","7025","Sausage, pork, raw",FALSE
498,498,"1316.02","guavas, raw","7024","Sausage, liver, raw",FALSE
499,499,"1316.02","guavas, raw","3008","Bonavist, dry, raw",FALSE
500,500,"1316.02","guavas, raw","5003","Avocado, ripe, raw",FALSE
501,501,"1530.03","sweet potatoes, purple-flesh, raw","4034","Sweet Potato (Leaves)",FALSE
502,502,"1530.03","sweet potatoes, purple-flesh, raw","15113","Sweet Potatoes with Peanut Butter",FALSE
503,503,"1530.03","sweet potatoes, purple-flesh, raw","2013","Sweet potato, brown skin, peeled, raw",FALSE
504,504,"1530.03","sweet potatoes, purple-flesh, raw","2005","Beet root, peeled, raw",FALSE
505,505,"1530.03","sweet potatoes, purple-flesh, raw","15058","Stewed Potatoes & Arrowroots",FALSE
506,506,"1501.02","catfish, african, fresh, raw","13030","Tamarind, fruit, fresh, raw",FALSE
507,507,"1501.02","catfish, african, fresh, raw","2012","Radish, white skin, raw",FALSE
508,508,"1501.02","catfish, african, fresh, raw","7008","Duck, meat and skin, fresh, raw",FALSE
509,509,"1501.02","catfish, african, fresh, raw","4031","Spinach, Swiss chard, leaves, raw",FALSE
510,510,"1321.02","grapefruits, raw","5010","Grapes, green, raw",FALSE
511,511,"1321.02","grapefruits, raw","7015","Goat liver, raw",FALSE
512,512,"1321.02","grapefruits, raw","5033","Raspberry, raw",FALSE
513,513,"1321.02","grapefruits, raw","5021","Mulberry, raw",FALSE
514,514,"1321.02","grapefruits, raw","8004","Herring stock, raw",FALSE
515,515,"1214.05","jew's mallow leaves, raw","4018","Jute mallow, picked leaves, raw",FALSE
516,516,"1591.01","yautia, raw","8014","Tuna, raw",FALSE
517,517,"1591.01","yautia, raw","7022","Sausage, beef, raw",FALSE
518,518,"1591.01","yautia, raw","7025","Sausage, pork, raw",FALSE
519,519,"1591.01","yautia, raw","5008","Date, raw",FALSE
520,520,"1591.01","yautia, raw","7021","Rabbit meat, raw",FALSE
521,521,"1324.03","clementines, raw","5014","Lemon peel, raw",FALSE
522,522,"1324.03","clementines, raw","8007","Mackerel, raw",FALSE
524,524,"1324.03","clementines, raw","5015","Lemon, pulp, raw",FALSE
525,525,"1324.03","clementines, raw","13009","Cloves, dry, raw",FALSE
527,527,"21170.01.02","guinea-fowl meat, fresh, raw","7014","Goat, lean, raw",FALSE
528,528,"21170.01.02","guinea-fowl meat, fresh, raw","7017","Guinea fowl, meat, with skin",FALSE
529,529,"21170.01.02","guinea-fowl meat, fresh, raw","13022","Mint Leaves, fresh, raw",FALSE
530,530,"21170.01.02","guinea-fowl meat, fresh, raw","5011","Guava, pink-fleshed, raw",FALSE
531,531,"21170.01.02","guinea-fowl meat, fresh, raw","4018","Jute mallow, picked leaves, raw",FALSE
532,532,"1232.01","cucumbers, raw","5021","Mulberry, raw",FALSE
533,533,"1232.01","cucumbers, raw","8007","Mackerel, raw",FALSE
534,534,"1232.01","cucumbers, raw","4016","Cucumber, green, unpeeled, raw",FALSE
535,535,"1232.01","cucumbers, raw","1011","Buns, Currant",FALSE
536,536,"1505.05","tilapia, smoked, raw","4028","Pumpkin, leaves, raw",FALSE
537,537,"1505.05","tilapia, smoked, raw","5039","Zambarau, peeled, raw",FALSE
538,538,"1505.05","tilapia, smoked, raw","5011","Guava, pink-fleshed, raw",FALSE
539,539,"1505.05","tilapia, smoked, raw","4011","Carrot, peeled, raw",FALSE
540,540,"1505.05","tilapia, smoked, raw","8011","Prawns, flesh, raw",FALSE
541,541,"1312.01","banana, raw","5004","Banana, cavendish, raw",FALSE
542,542,"1312.01","banana, raw","3022","Soybean, dry, raw",FALSE
543,543,"1312.01","banana, raw","2003","Banana, BITA 3, dried, flour",FALSE
544,544,"1312.01","banana, raw","2004","Banana, plantain, green, raw",FALSE
545,545,"1580.01","marine mammals meat, fresh, raw","3003","Beans, cluster, fresh, raw",FALSE
546,546,"1580.01","marine mammals meat, fresh, raw","13011","Coriander Leaves, fresh, raw",FALSE
547,547,"1580.01","marine mammals meat, fresh, raw","13022","Mint Leaves, fresh, raw",FALSE
548,548,"1580.01","marine mammals meat, fresh, raw","3015","Garden peas, fresh, raw",FALSE
549,549,"1580.01","marine mammals meat, fresh, raw","14004","Termite, Fresh, Raw",FALSE
550,550,"01520.01.01","cassava root, raw","15011","Cassava Ugali",FALSE
551,551,"01520.01.01","cassava root, raw","2007","Cassava, root, white, peeled, raw",FALSE
552,552,"01520.01.01","cassava root, raw","7025","Sausage, pork, raw",FALSE
553,553,"01520.01.01","cassava root, raw","2008","Cassava, root, yellow, peeled, raw",FALSE
554,554,"01520.01.01","cassava root, raw","5003","Avocado, ripe, raw",FALSE
555,555,"23120.03.02","maize, flour, white, refined, non-fermented, raw","1023","Green Maize, white, whole, grain, fresh, raw",FALSE
556,556,"23120.03.02","maize, flour, white, refined, non-fermented, raw","4002","Bitter gourd, whole, different varieties, raw",FALSE
557,557,"23120.03.02","maize, flour, white, refined, non-fermented, raw","13023","Onion, mature, red skinned, peeled, fresh, raw",FALSE
558,558,"23120.03.02","maize, flour, white, refined, non-fermented, raw","6016","Milk, cow, condensed, whole, sweetened, raw",FALSE
559,559,"23120.03.02","maize, flour, white, refined, non-fermented, raw","6015","Milk, cow, condensed, skimmed, sweetened, raw",FALSE
560,560,"21113.01.01","pig meat, with bones, fresh, raw","14001","Grasshopper, Brown, Fresh, Raw",FALSE
561,561,"21113.01.01","pig meat, with bones, fresh, raw","14004","Termite, Fresh, Raw",FALSE
562,562,"21113.01.01","pig meat, with bones, fresh, raw","6014","Milk, camel, whole, fresh, raw",FALSE
563,563,"21113.01.01","pig meat, with bones, fresh, raw","3010","Chick peas, whole, dry, raw",FALSE
564,564,"21113.01.01","pig meat, with bones, fresh, raw","14002","Grasshopper, Green, Fresh, Raw",FALSE
565,565,"1324.02","mandarins, raw","5020","Mango, unripe, raw",FALSE
566,566,"1324.02","mandarins, raw","5036","Tangerine, pulp, raw",FALSE
567,567,"1324.02","mandarins, raw","8007","Mackerel, raw",FALSE
568,568,"1324.02","mandarins, raw","5019","Mango, ripe, raw",FALSE
569,569,"1324.02","mandarins, raw","5032","Pomegranate, raw",FALSE
570,570,"1570.01","squids, raw","5008","Date, raw",FALSE
571,571,"1570.01","squids, raw","8014","Tuna, raw",FALSE
572,572,"1570.01","squids, raw","8013","Shark, raw",FALSE
573,573,"1219.01.01","cassava leaves, raw","15011","Cassava Ugali",FALSE
574,574,"1219.01.01","cassava leaves, raw","4030","Spinach, leaves, raw",FALSE
575,575,"1219.01.01","cassava leaves, raw","7024","Sausage, liver, raw",FALSE
576,576,"1505.01","catfish, african, dried, raw","13030","Tamarind, fruit, fresh, raw",FALSE
577,577,"1505.01","catfish, african, dried, raw","12005","Tea, chai, instant dry powder",FALSE
578,578,"1505.01","catfish, african, dried, raw","8002","Dagaa fish (omena), dried, raw",FALSE
579,579,"1505.01","catfish, african, dried, raw","3001","Beans, broad, dry, raw",FALSE
580,580,"1505.01","catfish, african, dried, raw","3004","Beans, kidney, dry, raw",FALSE
581,581,"23120.03.01","maize, flour, white, unrefined, non-fermented, raw","1023","Green Maize, white, whole, grain, fresh, raw",FALSE
582,582,"23120.03.01","maize, flour, white, unrefined, non-fermented, raw","13023","Onion, mature, red skinned, peeled, fresh, raw",FALSE
583,583,"23120.03.01","maize, flour, white, unrefined, non-fermented, raw","4002","Bitter gourd, whole, different varieties, raw",FALSE
584,584,"23120.03.01","maize, flour, white, unrefined, non-fermented, raw","1018","Maize, grain, white variety, whole, dry, raw",FALSE
585,585,"23120.03.01","maize, flour, white, unrefined, non-fermented, raw","6015","Milk, cow, condensed, skimmed, sweetened, raw",FALSE
586,586,"1505.04","catfish, african, smoked, raw","4001","Amaranth, leaves, picked, raw",FALSE
587,587,"1505.04","catfish, african, smoked, raw","7008","Duck, meat and skin, fresh, raw",FALSE
588,588,"1505.04","catfish, african, smoked, raw","3002","Beans, broad, fresh, raw",FALSE
589,589,"1505.04","catfish, african, smoked, raw","2012","Radish, white skin, raw",FALSE
590,590,"1505.04","catfish, african, smoked, raw","2007","Cassava, root, white, peeled, raw",FALSE
591,591,"1214.06","blackjack leaves, raw","15114","Black Bean Stew",FALSE
592,592,"1193.02","fonio grain, black, refined, raw","2011","Radish, long, red skin, raw",FALSE
593,593,"1193.02","fonio grain, black, refined, raw","13024","Onion, spring, raw",FALSE
594,594,"1193.02","fonio grain, black, refined, raw","5025","Passion fruit, dark purple skin, raw",FALSE
595,595,"1193.02","fonio grain, black, refined, raw","3017","Gram, black, dry, raw",FALSE
596,596,"21170.01.03","quail fresh meat,raw","5011","Guava, pink-fleshed, raw",FALSE
597,597,"21170.01.03","quail fresh meat,raw","5009","Doumpalm fruit, raw",FALSE
598,598,"21170.01.03","quail fresh meat,raw","7016","Goat, medium fat, raw",FALSE
599,599,"1518.01","haddock, smoked, raw","2019","Yam, white, raw",FALSE
600,600,"1518.01","haddock, smoked, raw","8001","Cod, fillet, raw",FALSE
601,601,"1518.01","haddock, smoked, raw","4026","Okra, fresh, raw",FALSE
602,602,"1518.01","haddock, smoked, raw","5019","Mango, ripe, raw",FALSE
603,603,"1518.01","haddock, smoked, raw","4011","Carrot, peeled, raw",FALSE
604,604,"21113.02.01","pig meat, without bones, fresh, raw","1015","Cake, Sponge, without fat",FALSE
605,605,"21113.02.01","pig meat, without bones, fresh, raw","10002","Coconut, fresh, mature fruit, flesh",FALSE
606,606,"21113.02.01","pig meat, without bones, fresh, raw","7004","Beef, medium fat, w/o bones, raw",FALSE
607,607,"21113.02.01","pig meat, without bones, fresh, raw","5038","Watermelon, fruit, green with white stripes, raw",FALSE
608,608,"21113.02.01","pig meat, without bones, fresh, raw","8031","Prawns, fresh, steamed (without salt)",FALSE
609,609,"1193.04","fonio grain, white, refined, raw","1027","Millet, Finger, grain, dried, raw",FALSE
610,610,"1193.04","fonio grain, white, refined, raw","2014","Sweetpotato, orange, biofortified, raw",FALSE
611,611,"1193.04","fonio grain, white, refined, raw","1023","Green Maize, white, whole, grain, fresh, raw",FALSE
612,612,"116.01","rye grain, unrefined, raw ","1027","Millet, Finger, grain, dried, raw",FALSE
613,613,"116.01","rye grain, unrefined, raw ","3019","Gram, green, dry, raw",FALSE
614,614,"116.01","rye grain, unrefined, raw ","13014","Curry leaves, fresh, raw",FALSE
615,615,"116.01","rye grain, unrefined, raw ","5036","Tangerine, pulp, raw",FALSE
616,616,"1570.02","cuttlefishes, raw","13014","Curry leaves, fresh, raw",FALSE
617,617,"1570.02","cuttlefishes, raw","8007","Mackerel, raw",FALSE
618,618,"1570.02","cuttlefishes, raw","8001","Cod, fillet, raw",FALSE
619,619,"1193.01","fonio grain, black, unrefined, raw","2011","Radish, long, red skin, raw",FALSE
620,620,"1801.01","beetroots, sugar, raw","4035","Tomato, green, raw",FALSE
621,621,"1801.01","beetroots, sugar, raw","3003","Beans, cluster, fresh, raw",FALSE
350,NA,"23140.03.02","breakfast cereals, muesli mix","1009","Breakfast cereal, flakes of corn",FALSE
13,NA,"1707.01","pigeon peas, dried, raw","15092","Pigeon Peas Stew",FALSE
14,NA,"1707.01","pigeon peas, dried, raw","3016","Garden peas, dry, raw",FALSE
15,NA,"1707.01","pigeon peas, dried, raw","3015","Garden peas, fresh, raw",FALSE
16,NA,"1707.01","pigeon peas, dried, raw","13013","Cumin seeds, dried, raw",FALSE
124,NA,"21170.01.01","pigeon meat, fresh, raw","3021","Pigeon peas, dry, raw",FALSE
161,NA,"1701.03","kidney beans, dried, raw","3021","Pigeon peas, dry, raw",FALSE
225,NA,"21121.01","chicken meat, fresh, raw","3021","Pigeon peas, dry, raw",FALSE
6,NA,"1318.01","pineapple, raw","4028","Pumpkin, leaves, raw",FALSE
7,NA,"1318.01","pineapple, raw","8014","Tuna, raw",FALSE
8,NA,"1318.01","pineapple, raw","5029","Pineapple, canned in syrup, whole contents",FALSE
9,NA,"1318.01","pineapple, raw","5036","Tangerine, pulp, raw",FALSE
37,NA,"1214.04","pumpkin leaves, raw","5030","Pineapple, raw",FALSE
131,NA,"1215.01","spinach, raw","5030","Pineapple, raw",FALSE
205,NA,"1235.01","pumpkins, raw","5030","Pineapple, raw",FALSE
228,NA,"1652.01","pepper, raw","5030","Pineapple, raw",FALSE
263,NA,"1341.01","apples, raw","5030","Pineapple, raw",FALSE
460,NA,"1313.01","plantain, raw","5030","Pineapple, raw",FALSE
523,NA,"1324.03","clementines, raw","5030","Pineapple, raw",FALSE
526,NA,"1317.01","papayas, raw","5030","Pineapple, raw",FALSE
11,NA,"24212.02.02","wine, red","12008","Wine, White, Dry",FALSE
48,NA,"24212.02.01","wine, white","12007","Wine, Red",FALSE
179,NA,"24212.02.03","wine, rosé","12007","Wine, Red",FALSE
195,NA,"21691.02.01","maize oil","9008","Olive oil",FALSE
344,NA,"1523.01","cod, liver oil","9008","Olive oil",FALSE
